{
  "version": 1,
  "author": "CYPHER GAMING",
  "editor": "wokwi",
  "parts": [
    { "type": "wokwi-arduino-uno", "id": "uno", "top": -84.08, "left": -44.11, "attrs": {} },
    {
      "type": "wokwi-analog-joystick",
      "id": "joystick1",
      "top": -131.83,
      "left": 311.24,
      "attrs": {}
    },
    {
      "type": "wokwi-max7219-matrix",
      "id": "matrix1",
      "top": -169.97,
      "left": -115.14,
      "attrs": { "chain": "4" }
    }
  ],
  "connections": [
    [ "matrix1:GND.2", "uno:GND.3", "black", [ "h0" ] ],
    [ "uno:5V", "matrix1:V+.2", "red", [ "v0" ] ],
    [ "matrix1:DOUT", "uno:11", "green", [ "h0" ] ],
    [ "matrix1:CS.2", "uno:10", "green", [ "h0" ] ],
    [ "matrix1:CLK.2", "uno:13", "green", [ "h0" ] ],
    [ "joystick1:VCC", "uno:5V", "red", [ "v0" ] ],
    [ "joystick1:VERT", "uno:A1", "green", [ "v0" ] ],
    [ "joystick1:HORZ", "uno:A0", "green", [ "v0" ] ],
    [ "joystick1:SEL", "uno:8", "green", [ "v0" ] ],
    [ "joystick1:GND", "uno:GND.2", "black", [ "v0" ] ]
  ],
  "dependencies": {}
}